age_group,condition,mean_state_space_spread
20-29,Congruent,0.30246108770370483
20-29,Incongruent,0.3031493127346039
80-89,Congruent,0.3742823600769043
80-89,Incongruent,0.37360408902168274
