age_group,condition,mean_state_space_spread
20-29,Congruent,0.23162072896957397
20-29,Incongruent,0.16573373973369598
80-89,Congruent,0.4814815819263458
80-89,Incongruent,0.4507285952568054
