age_group,condition,mean_state_space_spread
20-29 matched,Congruent,0.2685845196247101
20-29 matched,Incongruent,0.20573224127292633
80-89,Congruent,0.3735126256942749
80-89,Incongruent,0.310940682888031
